Card,Price,Tier,Replaces,Reason
Superior Spider-Man,3,Core,Spider-Islanders,Top-played Spider payoff (~75% of decks); a real upgrade over a filler body.
"Gwenom, Remorseless",4,Core,Spider-Bot,Aggressive Spider payoff in most lists; card advantage on attack.
Kodama's Reach,3,Core,Mana Prism,Strictly better fixing than a filler rock in a 5c deck; grabs two basics.
Herald's Horn,5,Value,Web-Shooters,Cost-reduces your Spiders and draws them off the top — engine glue.
Icon of Ancestry,3,Value,Spider-Suit,Anthem plus card selection for Spiders; better than a marginal equipment.
Vanquisher's Banner,6,Value,Patchwork Banner,Anthem that also draws a card whenever a Spider enters.
The World Tree,8,Fixing,Sacred Peaks,Taps for any color for your creatures and fixes the 5c base.
Chromatic Lantern,6,Fixing,Talisman of Conviction,Every land taps for every color — the cleanest 5c fix there is.
Spara's Headquarters,10,Fixing,Mystic Monastery,Triome-style land: three colors + fetchable; smooths the base.
Smothering Tithe,25,Power,Tome of Legends,Explosive ramp that snowballs a go-wide deck into its finishers.
Cavern of Souls,55,Luxury,Jungle Shrine,Uncounterable Spiders plus fixing; premium but format-defining.
Teferi's Protection,25,Luxury,Void Rend,Phase out to survive any wipe or lethal swing and keep your board.
Prismatic Vista,20,Luxury,Ash Barrens,Premium fetch for perfect fixing on a thin-basics manabase.
